fecha,fondo,clase,vcp,patrimonio
2021-06-07,737,2053,173.255398,0.0
2021-06-07,737,2054,172.460501,0.0
2021-06-09,489,2261,0.052114,0.0
2021-06-09,489,2262,0.027581,0.0
2021-06-09,616,2253,0.012155,0.0
2021-06-09,616,2254,0.012155,0.0
2021-06-09,446,2264,0.146623,0.0
2021-06-09,446,2265,0.15558,0.0
2021-06-09,841,2400,1.0,0.0
2021-06-09,841,2401,1.0,0.0
2021-06-09,543,2266,0.026604,0.0
2021-06-09,543,2267,0.027421,0.0
2021-06-09,840,2396,1.0,0.0
2021-06-09,840,2397,1.0,0.0
2021-06-25,139,403,0.153608,4620.95
